822.500000000,-0.000157090,-0.000021542
822.599975590,-0.000192586,0.000081370
822.700012210,-0.000148677,-0.000147994
822.799987790,-0.000118244,0.000094580
822.900024410,-0.000156056,0.000029160
823.000000000,-0.000162700,0.000018374
823.099975590,-0.000117334,-0.000014210
823.200012210,-0.000119484,0.000091831
823.299987790,-0.000099190,-0.000113410
823.400024410,-0.000114425,0.000068232
823.500000000,-0.000134014,-0.000076866
823.599975590,-0.000069210,0.000037141
823.700012210,-0.000070953,-0.000081690
823.799987790,-0.000073146,0.000014962
823.900024410,-0.000066372,0.000049209
824.000000000,-0.000040925,-0.000074145
824.099975590,0.000005105,-0.000163240
824.200012210,-0.000046728,0.000062839
824.299987790,-0.000057178,-0.000027359
824.400024410,-0.000034818,-0.000137536
824.500000000,-0.000008903,0.000017556
824.599975590,-0.000050838,-0.000018177
824.700012210,0.000042534,-0.000035188
824.799987790,0.000029111,-0.000017432
824.900024410,0.000077056,-0.000003658
825.000000000,-0.000021684,-0.000121633
825.099975590,0.000120170,0.000095720
825.200012210,0.000031736,-0.000007168
825.299987790,0.000080701,0.000071875
825.400024410,0.000064477,-0.000120784
825.500000000,0.000101858,0.000108108
825.599975590,0.000182084,0.000006209
825.700012210,0.000026224,-0.000156691
825.799987790,0.000136352,-0.000069207
825.900024410,0.000097829,0.000018785
826.000000000,0.000118504,-0.000136867
826.099975590,0.000080692,0.000065336
826.200012210,0.000203039,-0.000046904
826.299987790,0.000041277,-0.000016581
826.400024410,0.000213856,0.000041683
826.500000000,0.000012090,-0.000084603
826.599975590,0.000162067,0.000039996
826.700012210,0.000132168,-0.000096258
826.799987790,0.000172759,-0.000021298
826.900024410,0.000070389,-0.000074501
827.000000000,0.000212209,-0.000055754
827.099975590,0.000105029,-0.000066371
827.200012210,0.000102822,0.000017224
827.299987790,0.000122927,-0.000024128
827.400024410,0.000121797,-0.000061799
827.500000000,0.000115160,-0.000093106
827.599975590,0.000109949,-0.000057609
827.700012210,0.000110302,-0.000025090
827.799987790,0.000035290,-0.000119612
827.900024410,0.000104870,-0.000006585
828.000000000,0.000043717,0.000015637
828.099975590,0.000072587,-0.000025120
828.200012210,0.000037906,-0.000063388
828.299987790,0.000081751,-0.000075623
828.400024410,0.000010122,-0.000111573
828.500000000,0.000013026,0.000066496
828.599975590,0.000076726,-0.000144791
828.700012210,0.000025770,0.000021610
828.799987790,0.000038295,-0.000198274
828.900024410,0.000008193,-0.000011017
829.000000000,-0.000012062,-0.000180472
829.099975590,-0.000008044,0.000029580
829.200012210,0.000041144,-0.000018320
829.299987790,-0.000014551,0.000031372
829.400024410,0.000035145,-0.000070650
829.500000000,-0.000042108,-0.000028587
829.599975590,-0.000007194,-0.000066407
829.700012210,-0.000018048,-0.000164016
829.799987790,-0.000025185,-0.000058498
829.900024410,-0.000013366,-0.000030615
830.000000000,-0.000048918,0.000006622
830.099975590,-0.000020013,-0.000059438
830.200012210,-0.000078724,-0.000123169
830.299987790,-0.000046256,-0.000074746
830.400024410,-0.000065414,-0.000006190
830.500000000,-0.000090860,-0.000062199
830.599975590,-0.000088784,-0.000123195
830.700012210,-0.000156802,-0.000142613
830.799987790,-0.000132706,-0.000059648
830.900024410,-0.000139899,-0.000165589
831.000000000,-0.000071480,-0.000102835
831.099975590,-0.000161016,-0.000077512
831.200012210,-0.000168238,-0.000150339
831.299987790,-0.000108928,-0.000028056
831.400024410,-0.000247662,-0.000118877
831.500000000,-0.000160229,-0.000107261
831.599975590,-0.000205243,-0.000127698
831.700012210,-0.000174725,-0.000147976
831.799987790,-0.000215711,-0.000101055
831.900024410,-0.000239509,-0.000112306
832.000000000,-0.000209075,-0.000031041
832.099975590,-0.000323656,-0.000176381
832.200012210,-0.000277912,-0.000180897
832.299987790,-0.000350109,-0.000067048
832.400024410,-0.000317554,-0.000068022
832.500000000,-0.000313860,-0.000127669
832.599975590,-0.000294833,-0.000066317
832.700012210,-0.000375736,-0.000105631
832.799987790,-0.000311893,-0.000154104
832.900024410,-0.000429498,-0.000091315
833.000000000,-0.000321504,-0.000067500
833.099975590,-0.000386560,-0.000079417
833.200012210,-0.000388075,-0.000205812
833.299987790,-0.000382200,0.000035683
833.400024410,-0.000430271,-0.000126792
833.500000000,-0.000456671,0.000005445
833.599975590,-0.000394955,-0.000166578
833.700012210,-0.000425226,-0.000152915
833.799987790,-0.000449419,0.000010597
833.900024410,-0.000475278,-0.000108040
834.000000000,-0.000455741,-0.000176251
834.099975590,-0.000490101,-0.000120672
834.200012210,-0.000465115,-0.000179980
834.299987790,-0.000502580,-0.000073919
834.400024410,-0.000504256,-0.000288261
834.500000000,-0.000419297,-0.000035215
834.599975590,-0.000525895,-0.000016561
834.700012210,-0.000530416,-0.000106475
834.799987790,-0.000542887,-0.000089800
834.900024410,-0.000545640,-0.000125723
835.000000000,-0.000530399,-0.000063950
835.099975590,-0.000441081,0.000009184
835.200012210,-0.000690265,-0.000176378
835.299987790,-0.000608735,-0.000082727
835.400024410,-0.000615418,-0.000164521
835.500000000,-0.000562363,-0.000123526
835.599975590,-0.000620756,-0.000066198
835.700012210,-0.000622757,-0.000186096
835.799987790,-0.000630503,-0.000044049
835.900024410,-0.000600876,-0.000113011
836.000000000,-0.000629247,-0.000054271
836.099975590,-0.000633163,-0.000095277
836.200012210,-0.000657680,-0.000027100
836.299987790,-0.000667947,-0.000134045
836.400024410,-0.000680092,-0.000095867
836.500000000,-0.000684920,-0.000067989
836.599975590,-0.000669442,-0.000122748
836.700012210,-0.000669608,-0.000104218
836.799987790,-0.000682427,-0.000106820
836.900024410,-0.000692114,-0.000040984
837.000000000,-0.000649695,-0.000082969
837.099975590,-0.000650527,-0.000169131
837.200012210,-0.000653427,-0.000125762
837.299987790,-0.000655440,-0.000140428
837.400024410,-0.000731780,0.000021714
837.500000000,-0.000634606,-0.000159822
837.599975590,-0.000742675,0.000041551
837.700012210,-0.000717893,-0.000192254
837.799987790,-0.000823996,0.000029717
837.900024410,-0.000759902,-0.000061914
838.000000000,-0.000816556,-0.000165750
838.099975590,-0.000849151,-0.000014795
838.200012210,-0.000890827,-0.000063676
838.299987790,-0.000848669,-0.000076483
838.400024410,-0.000870358,-0.000032152
838.500000000,-0.000859106,-0.000003476
838.599975590,-0.000864329,-0.000111590
838.700012210,-0.000918878,0.000053405
838.799987790,-0.000901530,-0.000120802
838.900024410,-0.000959995,-0.000024081
839.000000000,-0.000893606,-0.000158528
839.099975590,-0.000954770,-0.000013241
839.200012210,-0.000933208,-0.000140114
839.299987790,-0.000957565,0.000090572
839.400024410,-0.000983056,-0.000089808
839.500000000,-0.000975717,-0.000083408
839.599975590,-0.001026378,-0.000088619
839.700012210,-0.000989653,-0.000096144
839.799987790,-0.001058853,0.000030499
839.900024410,-0.001099961,-0.000062901
840.000000000,-0.001041387,-0.000022223
840.099975590,-0.001179925,-0.000180409
840.200012210,-0.001141855,-0.000039741
840.299987790,-0.001170521,-0.000017499
840.400024410,-0.001077720,-0.000111218
840.500000000,-0.001253348,0.000053081
840.599975590,-0.001153379,-0.000045487
840.700012210,-0.001186815,-0.000037839
840.799987790,-0.001102984,0.000068398
840.900024410,-0.001280146,-0.000302911
841.000000000,-0.001172832,-0.000105942
841.099975590,-0.001254382,-0.000000422
841.200012210,-0.001244694,-0.000072869
841.299987790,-0.001248997,-0.000014736
841.400024410,-0.001257002,-0.000040888
841.500000000,-0.001171342,0.000084476
841.599975590,-0.001332828,-0.000102081
841.700012210,-0.001330571,-0.000092623
841.799987790,-0.001217365,0.000037415
841.900024410,-0.001265977,-0.000076055
842.000000000,-0.001208066,-0.000003460
842.099975590,-0.001259993,-0.000029439
842.200012210,-0.001259845,-0.000195127
842.299987790,-0.001223942,-0.000024299
842.400024410,-0.001269188,-0.000055298
842.500000000,-0.001224747,-0.000029999
842.599975590,-0.001249889,-0.000022182
842.700012210,-0.001164008,0.000041375
842.799987790,-0.001281498,-0.000166886
842.900024410,-0.001236892,0.000010663
843.000000000,-0.001242254,-0.000155429
843.099975590,-0.001254565,-0.000022868
843.200012210,-0.001211925,-0.000052290
843.299987790,-0.001272040,-0.000017360
843.400024410,-0.001188571,-0.000220149
843.500000000,-0.001251038,-0.000042656
843.599975590,-0.001202537,-0.000152984
843.700012210,-0.001264744,-0.000014003
843.799987790,-0.001184550,-0.000164306
843.900024410,-0.001257502,0.000016412
844.000000000,-0.001254659,-0.000081390
844.099975590,-0.001251697,-0.000109967
844.200012210,-0.001184212,-0.000063314
844.299987790,-0.001175072,-0.000092513
844.400024410,-0.001219208,-0.000151838
844.500000000,-0.001183817,-0.000071204
844.599975590,-0.001206729,-0.000079331
844.700012210,-0.001160067,-0.000172117
844.799987790,-0.001113800,-0.000167825
844.900024410,-0.001138858,-0.000091758
845.000000000,-0.001032478,-0.000132109
845.099975590,-0.001078443,-0.000018082
845.200012210,-0.001000289,-0.000167674
845.299987790,-0.001012104,-0.000138836
845.400024410,-0.000941576,-0.000130982
845.500000000,-0.000993813,-0.000083280
845.599975590,-0.000874485,-0.000226410
845.700012210,-0.000764590,-0.000168931
845.799987790,-0.000805929,-0.000191558
845.900024410,-0.000789725,-0.000180988
846.000000000,-0.000708137,-0.000142271
846.099975590,-0.000695915,-0.000206992
846.200012210,-0.000655405,-0.000204538
846.299987790,-0.000573717,-0.000287112
846.400024410,-0.000544094,-0.000219732
846.500000000,-0.000465505,-0.000159825
846.599975590,-0.000449779,-0.000261559
846.700012210,-0.000356033,-0.000249323
846.799987790,-0.000320425,-0.000358845
846.900024410,-0.000275792,-0.000109040
847.000000000,-0.000261544,-0.000385444
847.099975590,-0.000223602,-0.000233019
847.200012210,-0.000087219,-0.000345248
847.299987790,-0.000084435,-0.000232446
847.400024410,0.000045467,-0.000233922
847.500000000,0.000041555,-0.000487132
847.599975590,0.000140764,-0.000228220
847.700012210,0.000201815,-0.000495197
847.799987790,0.000242015,-0.000301046
847.900024410,0.000331924,-0.000346114
848.000000000,0.000450366,-0.000478360
848.099975590,0.000491836,-0.000424157
848.200012210,0.000587655,-0.000383437
848.299987790,0.000656581,-0.000403280
848.400024410,0.000760566,-0.000538769
848.500000000,0.000819445,-0.000561364
848.599975590,0.000954697,-0.000491271
848.700012210,0.001030449,-0.000479780
848.799987790,0.001184789,-0.000646546
848.900024410,0.001188845,-0.000569762
849.000000000,0.001331585,-0.000591248
849.099975590,0.001547939,-0.000632398
849.200012210,0.001572671,-0.000591611
849.299987790,0.001717794,-0.000746157
849.400024410,0.001855194,-0.000675054
849.500000000,0.001951502,-0.000733358
849.599975590,0.002174387,-0.000835336
849.700012210,0.002296215,-0.000746412
849.799987790,0.002504080,-0.000849160
849.900024410,0.002614761,-0.000985558
850.000000000,0.002830795,-0.000883510
850.099975590,0.003012666,-0.001087956
850.200012210,0.003168341,-0.001032148
850.299987790,0.003508582,-0.001164215
850.400024410,0.003603876,-0.001029662
850.500000000,0.003852040,-0.001336462
850.599975590,0.004137715,-0.001216484
850.700012210,0.004369949,-0.001406923
850.799987790,0.004679352,-0.001409584
850.900024410,0.004937763,-0.001623841
851.000000000,0.005243759,-0.001646350
851.099975590,0.005583229,-0.001599469
851.200012210,0.005959137,-0.001637873
851.299987790,0.006309826,-0.001937352
851.400024410,0.006735258,-0.001875524
851.500000000,0.007134793,-0.002090575
851.599975590,0.007618369,-0.002314720
851.700012210,0.008000987,-0.002273067
851.799987790,0.008658649,-0.002548137
851.900024410,0.009154367,-0.002589115
852.000000000,0.009696455,-0.002825111
852.099975590,0.010407408,-0.002913064
852.200012210,0.011076683,-0.003270770
852.299987790,0.011892897,-0.003456684
852.400024410,0.012674782,-0.003677682
852.500000000,0.013610786,-0.004075905
852.599975590,0.014549370,-0.004272198
852.700012210,0.015697996,-0.004614920
852.799987790,0.016940455,-0.005066284
852.900024410,0.018192082,-0.005455703
853.000000000,0.019712996,-0.005982797
853.099975590,0.021433032,-0.006487068
853.200012210,0.023419827,-0.007004273
853.299987790,0.025474477,-0.007910994
853.400024410,0.027913887,-0.008535700
853.500000000,0.030538129,-0.009518679
853.599975590,0.033708676,-0.010461368
853.700012210,0.037414718,-0.011871901
853.799987790,0.041841009,-0.013391167
853.900024410,0.047106129,-0.015217007
854.000000000,0.053396037,-0.017745361
854.099975590,0.060937961,-0.020466053
854.200012210,0.070613344,-0.024951897
854.299987790,0.082472239,-0.029815561
854.400024410,0.098091387,-0.035221734
854.500000000,0.119227815,-0.044216206
854.599975590,0.148502731,-0.054428180
854.700012210,0.185546813,-0.067785570
854.799987790,0.242588923,-0.091675561
854.900024410,0.321357720,-0.122277241
855.000000000,0.424065514,-0.158228495
855.099975590,0.539460307,-0.190860259
855.200012210,0.687277631,-0.243754734
855.299987790,0.814275353,-0.281022220
855.400024410,0.921412910,-0.297494421
855.500000000,0.983923659,-0.297200757
855.599975590,1.000000000,-0.278233858
855.700012210,0.990949488,-0.259724335
855.799987790,0.964551785,-0.239378076
855.900024410,0.929520448,-0.218646139
856.000000000,0.891130945,-0.203038774
856.099975590,0.847600876,-0.181696136
856.200012210,0.806364916,-0.165912121
856.299987790,0.763521157,-0.150427475
856.400024410,0.721365528,-0.136514297
856.500000000,0.682204425,-0.122280336
856.599975590,0.646481359,-0.110365486
856.700012210,0.612859749,-0.098973211
856.799987790,0.582198525,-0.090010567
856.900024410,0.554471472,-0.083765745
857.000000000,0.528759441,-0.075560717
857.099975590,0.506444245,-0.070025519
857.200012210,0.486922653,-0.065361735
857.299987790,0.468793383,-0.060365017
857.400024410,0.451898653,-0.057047164
857.500000000,0.436937912,-0.054808990
857.599975590,0.422968610,-0.053396813
857.700012210,0.409790269,-0.049853827
857.799987790,0.398145373,-0.047917318
857.900024410,0.386913285,-0.046464118
858.000000000,0.376426387,-0.044574727
858.099975590,0.366442233,-0.043236397
858.200012210,0.357783012,-0.042866716
858.299987790,0.349214994,-0.042553491
858.400024410,0.341486906,-0.041978463
858.500000000,0.334204020,-0.041440372
858.599975590,0.327278664,-0.040903403
858.700012210,0.320588546,-0.041008562
858.799987790,0.314939521,-0.041322264
858.900024410,0.309565995,-0.041175920
859.000000000,0.304285396,-0.041098832
859.099975590,0.299394102,-0.040829233
859.200012210,0.294707951,-0.040705900
859.299987790,0.290503318,-0.040236144
859.400024410,0.286355303,-0.039534317
859.500000000,0.282520655,-0.038772005
859.599975590,0.278854014,-0.037800998
859.700012210,0.275666578,-0.036636202
859.799987790,0.272549124,-0.035642731
859.900024410,0.269568330,-0.034106113
860.000000000,0.266968491,-0.032951167
860.099975590,0.264558603,-0.031280935
860.200012210,0.262456195,-0.029665698
860.299987790,0.260803810,-0.028119553
860.400024410,0.259661185,-0.026403896
860.500000000,0.259292184,-0.024736305
860.599975590,0.259441297,-0.022649559
860.700012210,0.260291553,-0.020758157
860.799987790,0.262000074,-0.018404285
860.900024410,0.264308256,-0.016283387
861.000000000,0.267149519,-0.013958102
861.099975590,0.270273874,-0.011761478
861.200012210,0.273522947,-0.009575197
861.299987790,0.276745637,-0.007582339
861.400024410,0.279837108,-0.005739085
861.500000000,0.282400184,-0.004353684
861.599975590,0.284618386,-0.003234741
861.700012210,0.286247738,-0.002462673
861.799987790,0.287400608,-0.002052051
861.900024410,0.288135128,-0.001666311
862.000000000,0.288252002,-0.001587293
862.099975590,0.287804025,-0.001667443
862.200012210,0.287467034,-0.001611071
862.299987790,0.286157845,-0.001961950
862.400024410,0.284953004,-0.002176464
862.500000000,0.283349740,-0.002398031
862.599975590,0.281709702,-0.002772385
862.700012210,0.279697349,-0.003061619
862.799987790,0.277712200,-0.003070596
862.900024410,0.275555472,-0.003314001
863.000000000,0.273502016,-0.003469383
863.099975590,0.271288633,-0.003787022
863.200012210,0.269201858,-0.003820409
863.299987790,0.267178411,-0.004095809
863.400024410,0.265187102,-0.004149330
863.500000000,0.262978070,-0.004056413
863.599975590,0.261327363,-0.004304490
863.700012210,0.259523439,-0.004241701
863.799987790,0.257933512,-0.004302616
863.900024410,0.256303276,-0.004128886
864.000000000,0.254775397,-0.004236434
864.099975590,0.253585660,-0.004313233
864.200012210,0.252338890,-0.004215568
864.299987790,0.251191015,-0.004270499
864.400024410,0.250186036,-0.004166058
864.500000000,0.249293776,-0.004079383
864.599975590,0.248619822,-0.004283047
864.700012210,0.247775208,-0.004126257
864.799987790,0.247288745,-0.004195441
864.900024410,0.246655410,-0.004171718
865.000000000,0.246313878,-0.004204683
865.099975590,0.245900151,-0.004210112
865.200012210,0.245511183,-0.004356071
865.299987790,0.245203399,-0.004343090
865.400024410,0.244985870,-0.004366129
865.500000000,0.244753039,-0.004563550
865.599975590,0.244453918,-0.004598688
865.700012210,0.244271630,-0.004718142
865.799987790,0.243943557,-0.004767423
865.900024410,0.243735626,-0.005024850
866.000000000,0.243494499,-0.004974130
866.099975590,0.243162335,-0.005073042
866.200012210,0.242965932,-0.005168291
866.299987790,0.242675529,-0.005242953
866.400024410,0.242256705,-0.005299527
866.500000000,0.241972785,-0.005436144
866.599975590,0.241791473,-0.005264930
866.700012210,0.241384032,-0.005529392
866.799987790,0.241137813,-0.005401005
866.900024410,0.240811940,-0.005636233
867.000000000,0.240584225,-0.005566178
867.099975590,0.240292853,-0.005620867
867.200012210,0.240050329,-0.005566649
867.299987790,0.239748388,-0.005644397
867.400024410,0.239472517,-0.005600515
867.500000000,0.239271960,-0.005642897
867.599975590,0.239014112,-0.005614667
867.700012210,0.238766961,-0.005546500
867.799987790,0.238519329,-0.005519206
867.900024410,0.238314326,-0.005514800
868.000000000,0.238033345,-0.005396945
868.099975590,0.237769428,-0.005397205
868.200012210,0.237529393,-0.005243468
868.299987790,0.237303345,-0.005223514
868.400024410,0.237028606,-0.005127039
868.500000000,0.236801227,-0.005023384
868.599975590,0.236565677,-0.005031483
868.700012210,0.236282938,-0.004852023
868.799987790,0.236034107,-0.004771939
868.900024410,0.235825701,-0.004630545
869.000000000,0.235616852,-0.004480867
869.099975590,0.235391878,-0.004359687
869.200012210,0.235212501,-0.004199397
869.299987790,0.235031012,-0.003958107
869.400024410,0.234907001,-0.003830212
869.500000000,0.234887223,-0.003557827
869.599975590,0.234818663,-0.003293332
869.700012210,0.234857790,-0.002972626
869.799987790,0.234895310,-0.002805946
869.900024410,0.235076530,-0.002270757
870.000000000,0.235360714,-0.001842992
870.099975590,0.235752076,-0.001458479
870.200012210,0.236092040,-0.001052752
870.299987790,0.236860417,-0.000420786
870.400024410,0.237485248,0.000239665
870.500000000,0.238481729,0.000984314
870.599975590,0.239625751,0.001855070
870.700012210,0.241087612,0.002758129
870.799987790,0.242689323,0.003826655
870.900024410,0.244620147,0.005117870
871.000000000,0.246901756,0.006530381
871.099975590,0.249762470,0.008266608
871.200012210,0.253182450,0.009905997
871.299987790,0.257075375,0.012045065
871.400024410,0.261765858,0.014669030
871.500000000,0.267812114,0.017670335
871.599975590,0.274632224,0.021292847
871.700012210,0.282806069,0.025542366
871.799987790,0.292976365,0.030685997
871.900024410,0.305166452,0.036156718
872.000000000,0.319219175,0.043326995
872.099975590,0.336006876,0.052305608
872.200012210,0.355548855,0.061930049
872.299987790,0.376185450,0.072264278
872.400024410,0.398942524,0.081983442
872.500000000,0.421785137,0.091890576
872.599975590,0.443143771,0.101889483
872.700012210,0.462342834,0.109197905
872.799987790,0.478910072,0.114868946
872.900024410,0.490995104,0.118688470
873.000000000,0.498788370,0.118737001
873.099975590,0.503341480,0.118288825
873.200012210,0.503950577,0.116032072
873.299987790,0.502743540,0.112604561
873.400024410,0.499033476,0.107973151
873.500000000,0.493217156,0.102713104
873.599975590,0.487932254,0.098023298
873.700012210,0.481480060,0.093117020
873.799987790,0.474227020,0.087246565
873.900024410,0.466583140,0.082201748
874.000000000,0.458600111,0.076953742
874.099975590,0.451354714,0.072386778
874.200012210,0.443764136,0.067290045
874.299987790,0.436416753,0.063579733
874.400024410,0.429396671,0.059360104
874.500000000,0.422784096,0.055683944
874.599975590,0.416233313,0.052617368
874.700012210,0.410352056,0.049750004
874.799987790,0.404879623,0.046683772
874.900024410,0.399560055,0.044342518
875.000000000,0.394427024,0.042129389
875.099975590,0.389909089,0.040028358
875.200012210,0.385739949,0.038292920
875.299987790,0.381662253,0.036597449
875.400024410,0.377915527,0.035171710
875.500000000,0.374265215,0.033833252
875.599975590,0.370940332,0.032607092
875.700012210,0.368181688,0.031654434
875.799987790,0.365288892,0.030536562
875.900024410,0.362566102,0.029341927
876.000000000,0.360216435,0.028889140
876.099975590,0.357973564,0.028105056
876.200012210,0.355765696,0.027426509
876.299987790,0.354025615,0.026960812
876.400024410,0.352320580,0.026374055
876.500000000,0.350801827,0.026053914
876.599975590,0.349285789,0.025541859
876.700012210,0.348152182,0.025512561
876.799987790,0.346998891,0.025059348
876.900024410,0.345898108,0.024771405
877.000000000,0.345106195,0.024525924
877.099975590,0.344217824,0.024287404
877.200012210,0.343550930,0.024003046
877.299987790,0.342944999,0.023796944
877.400024410,0.342393075,0.023577189
877.500000000,0.341730204,0.023138125
877.599975590,0.341397356,0.022845851
877.700012210,0.340964834,0.022575027
877.799987790,0.340528809,0.021946411
877.900024410,0.340304854,0.021637823
878.000000000,0.339983015,0.021133282
878.099975590,0.339729834,0.020406916
878.200012210,0.339486751,0.019873234
878.299987790,0.339300228,0.019123035
878.400024410,0.339090815,0.018651089
878.500000000,0.338803085,0.017863188
878.599975590,0.338616001,0.017275671
878.700012210,0.338314375,0.016574090
878.799987790,0.338019538,0.016041662
878.900024410,0.337673918,0.015267522
879.000000000,0.337332899,0.014912012
879.099975590,0.336977335,0.014422561
879.200012210,0.336373917,0.013519362
879.299987790,0.335889848,0.013465598
879.400024410,0.335381616,0.012918204
879.500000000,0.334718307,0.012474168
879.599975590,0.334192344,0.012048352
879.700012210,0.333441360,0.011802318
879.799987790,0.332824863,0.011369150
879.900024410,0.331958859,0.011114811
880.000000000,0.331230621,0.010833289
880.099975590,0.330412896,0.010521175
880.200012210,0.329728992,0.010246877
880.299987790,0.328832293,0.009952884
880.400024410,0.328120550,0.009738524
880.500000000,0.327366807,0.009430957
880.599975590,0.326451350,0.009183513
880.700012210,0.325733705,0.008971895
880.799987790,0.324989503,0.008663881
880.900024410,0.324220838,0.008406848
881.000000000,0.323618620,0.008290858
881.099975590,0.322999711,0.008075389
881.200012210,0.322273361,0.007848388
881.299987790,0.321734370,0.007659611
881.400024410,0.321103189,0.007388021
881.500000000,0.320651579,0.007239594
881.599975590,0.320258737,0.007154936
881.700012210,0.319898026,0.006715587
881.799987790,0.319570033,0.006688686
881.900024410,0.319285561,0.006592330
882.000000000,0.319096942,0.006386928
882.099975590,0.318944727,0.006168188
882.200012210,0.318792676,0.006191501
882.299987790,0.318697755,0.005900774
882.400024410,0.318647247,0.005843588
882.500000000,0.318626489,0.005677074
882.599975590,0.318677248,0.005579612
882.700012210,0.318711319,0.005528893
882.799987790,0.318899622,0.005274798
882.900024410,0.318905297,0.005309824
883.000000000,0.319138921,0.005141940
883.099975590,0.319325518,0.005148368
883.200012210,0.319598996,0.005032680
883.299987790,0.319774661,0.004955723
883.400024410,0.320079232,0.004824929
883.500000000,0.320459622,0.004853263
883.599975590,0.320855449,0.004754595
883.700012210,0.321314090,0.004714659
883.799987790,0.321843182,0.004661554
883.900024410,0.322476468,0.004794480
884.000000000,0.322857632,0.004362384
884.099975590,0.323420577,0.004490359
884.200012210,0.323823218,0.004602144
884.299987790,0.324212934,0.004511840
884.400024410,0.324388616,0.004397500
884.500000000,0.324650571,0.004413621
884.599975590,0.324862663,0.004417610
884.700012210,0.325101700,0.004371749
884.799987790,0.325357727,0.004312934
884.900024410,0.325716335,0.004260173
885.000000000,0.326234178,0.004205181
885.099975590,0.326770947,0.004206005
885.200012210,0.327194617,0.004142388
885.299987790,0.327642600,0.004054286
885.400024410,0.327722361,0.004012847
885.500000000,0.327811786,0.003971437
885.599975590,0.327659932,0.003983345
885.700012210,0.327498201,0.003883344
885.799987790,0.327420827,0.003925283
885.900024410,0.327355918,0.003726541
886.000000000,0.327406681,0.003725567
886.099975590,0.327405881,0.003669148
886.200012210,0.327533206,0.003613771
886.299987790,0.327612003,0.003526372
886.400024410,0.327661887,0.003366345
886.500000000,0.327749752,0.003374727
886.599975590,0.327867094,0.003432940
886.700012210,0.327928059,0.003098292
886.799987790,0.328045261,0.003219313
886.900024410,0.328072200,0.003128790
887.000000000,0.328121181,0.003095593
887.099975590,0.328184705,0.003060760
887.200012210,0.328194485,0.002966440
887.299987790,0.328210199,0.002989195
887.400024410,0.328295935,0.002847742
887.500000000,0.328164241,0.002911512
887.599975590,0.328258646,0.002825582
887.700012210,0.328245377,0.002816122
887.799987790,0.328233209,0.002689680
887.900024410,0.328305904,0.002767813
888.000000000,0.328303333,0.002653181
888.099975590,0.328391869,0.002645570
888.200012210,0.328326463,0.002619802
888.299987790,0.328370700,0.002604865
888.400024410,0.328393472,0.002383756
888.500000000,0.328417567,0.002524530
888.599975590,0.328428370,0.002474300
888.700012210,0.328502880,0.002459589
888.799987790,0.328484914,0.002380017
888.900024410,0.328602896,0.002154424
889.000000000,0.328478124,0.002554749
889.099975590,0.328521196,0.002321357
889.200012210,0.328582609,0.002354787
889.299987790,0.328645243,0.002231923
889.400024410,0.328623582,0.002205247
889.500000000,0.328701905,0.002235738
889.599975590,0.328556930,0.002281105
889.700012210,0.328685750,0.002217166
889.799987790,0.328670271,0.002144161
889.900024410,0.328690189,0.002240768
890.000000000,0.328711769,0.002117465
890.099975590,0.328718837,0.002105195
890.200012210,0.328720654,0.002067250
890.299987790,0.328722077,0.002115049
890.400024410,0.328717202,0.002056553
890.500000000,0.328688092,0.002089205
890.599975590,0.328712862,0.001945437
890.700012210,0.328694626,0.002020995
890.799987790,0.328700322,0.001989693
890.900024410,0.328644812,0.001947787
891.000000000,0.328630837,0.001981039
891.099975590,0.328626948,0.002010716
891.200012210,0.328611127,0.001897844
891.299987790,0.328585464,0.001874090
891.400024410,0.328541727,0.002020412
891.500000000,0.328494185,0.001902006
891.599975590,0.328500366,0.001911794
891.700012210,0.328494440,0.001867464
891.799987790,0.328419339,0.001862323
891.900024410,0.328420926,0.001820293
892.000000000,0.328349700,0.001760339
892.099975590,0.328282640,0.001787627
892.200012210,0.328331549,0.001838139
892.299987790,0.328257482,0.001851729
892.400024410,0.328262828,0.001701886
892.500000000,0.328250188,0.001693873
892.599975590,0.328219452,0.001776453
892.700012210,0.328219505,0.001753497
892.799987790,0.328249093,0.001723997
892.900024410,0.328201788,0.001747670
893.000000000,0.328232712,0.001629524
893.099975590,0.328207991,0.001747848
893.200012210,0.328241442,0.001564244
893.299987790,0.328267080,0.001666205
893.400024410,0.328260183,0.001505859
893.500000000,0.328380243,0.001622083
893.599975590,0.328374152,0.001467649
893.700012210,0.328451742,0.001513653
893.799987790,0.328429535,0.001559986
893.900024410,0.328497884,0.001499905
894.000000000,0.328572640,0.001594860
894.099975590,0.328581494,0.001389537
894.200012210,0.328671043,0.001433420
894.299987790,0.328743287,0.001471367
894.400024410,0.328817599,0.001304546
894.500000000,0.328822155,0.001402980
894.599975590,0.328888850,0.001380801
894.700012210,0.328889028,0.001375741
894.799987790,0.329015820,0.001287506
894.900024410,0.329025545,0.001274075
895.000000000,0.329170101,0.001292614
895.099975590,0.329004085,0.001432464
895.200012210,0.329059083,0.001267142
895.299987790,0.329126012,0.001276400
895.400024410,0.329079771,0.001327999
895.500000000,0.329132835,0.001412727
895.599975590,0.329095530,0.001216461
895.700012210,0.329098970,0.001248681
895.799987790,0.329063571,0.001265611
895.900024410,0.329031163,0.001260405
896.000000000,0.328953871,0.001266969
896.099975590,0.328995207,0.001257724
896.200012210,0.328902409,0.001293990
896.299987790,0.328865996,0.001241448
896.400024410,0.328798219,0.001206046
896.500000000,0.328715203,0.001256002
896.599975590,0.328615729,0.001186579
896.700012210,0.328591726,0.001186297
896.799987790,0.328488086,0.001273913
896.900024410,0.328376993,0.001191185
897.000000000,0.328281090,0.001234406
897.099975590,0.328214748,0.001237648
897.200012210,0.328136344,0.001112284
897.299987790,0.328042117,0.001177570
897.400024410,0.327945992,0.001139680
897.500000000,0.327832805,0.001117028
897.599975590,0.327791795,0.001175825
897.700012210,0.327667149,0.001073197
897.799987790,0.327582845,0.001109129
897.900024410,0.327449368,0.001162817
898.000000000,0.327416294,0.001012411
898.099975590,0.327273791,0.001027101
898.200012210,0.327260445,0.001022509
898.299987790,0.327162464,0.001029011
898.400024410,0.327086149,0.000852281
898.500000000,0.327040900,0.000979639
898.599975590,0.326957788,0.000956416
898.700012210,0.326825096,0.000946584
898.799987790,0.326894958,0.000874218
898.900024410,0.326836727,0.000885683
899.000000000,0.326799117,0.000852397
899.099975590,0.326736615,0.000892334
899.200012210,0.326729050,0.000893403
899.299987790,0.326773856,0.000850292
899.400024410,0.326808354,0.000793932
899.500000000,0.326721655,0.000788394
899.599975590,0.326743628,0.000707463
899.700012210,0.326717387,0.000800240
899.799987790,0.326665052,0.000698584
899.900024410,0.326665266,0.000656776
900.000000000,0.326563544,0.000810783
900.099975590,0.326622504,0.000831946
900.200012210,0.326580266,0.000548086
900.299987790,0.326636938,0.000649737
900.400024410,0.326668316,0.000742494
900.500000000,0.326708953,0.000637160
900.599975590,0.326842415,0.000632175
900.700012210,0.326959281,0.000680779
900.799987790,0.327055302,0.000595520
900.900024410,0.327236128,0.000561264
901.000000000,0.327571640,0.000693799
901.099975590,0.327531001,0.000485124
901.200012210,0.327749382,0.000642925
901.299987790,0.327845158,0.000575730
901.400024410,0.327902758,0.000559855
901.500000000,0.327984719,0.000638553
901.599975590,0.328029661,0.000470588
901.700012210,0.328187468,0.000618646
901.799987790,0.328339750,0.000540411
901.900024410,0.328571744,0.000458341
902.000000000,0.328791383,0.000618101
902.099975590,0.329003978,0.000583501
902.200012210,0.329312253,0.000509568
902.299987790,0.329572132,0.000561309
902.400024410,0.329855422,0.000506680
902.500000000,0.330100202,0.000553197
902.599975590,0.330342588,0.000553118
902.700012210,0.330466122,0.000615202
902.799987790,0.330604306,0.000517904
902.900024410,0.330516136,0.000561070
903.000000000,0.330523473,0.000617601
903.099975590,0.330427333,0.000592526
903.200012210,0.330344118,0.000571007
903.299987790,0.330206317,0.000550548
903.400024410,0.330186417,0.000610550
903.500000000,0.330080544,0.000560357
903.599975590,0.330095646,0.000579490
903.700012210,0.330098093,0.000587874
903.799987790,0.330002716,0.000583165
903.900024410,0.330124055,0.000542660
904.000000000,0.330103929,0.000598246
904.099975590,0.330168061,0.000597316
904.200012210,0.330200455,0.000558236
904.299987790,0.330265934,0.000708117
904.400024410,0.330259019,0.000551717
904.500000000,0.330391446,0.000642428
904.599975590,0.330472639,0.000516184
904.700012210,0.330430259,0.000565000
904.799987790,0.330619465,0.000545559
904.900024410,0.330582402,0.000561758
905.000000000,0.330677016,0.000655462
905.099975590,0.330801845,0.000711218
905.200012210,0.330747904,0.000522623
905.299987790,0.330900017,0.000575173
905.400024410,0.330880059,0.000542600
905.500000000,0.331098833,0.000276287
905.599975590,0.331000141,0.000744047
905.700012210,0.331113582,0.000543849
905.799987790,0.331233025,0.000491181
905.900024410,0.331271184,0.000584561
906.000000000,0.331359383,0.000513149
906.099975590,0.331514099,0.000462532
906.200012210,0.331530386,0.000615692
906.299987790,0.331677131,0.000572744
906.400024410,0.331786086,0.000533396
906.500000000,0.331916087,0.000483185
906.599975590,0.332076225,0.000412312
906.700012210,0.332136519,0.000522580
906.799987790,0.332312797,0.000522757
906.900024410,0.332476384,0.000491882
907.000000000,0.332611844,0.000490153
907.099975590,0.332764307,0.000432377
907.200012210,0.332871940,0.000481446
907.299987790,0.333083193,0.000491882
907.400024410,0.333221416,0.000374311
907.500000000,0.333376206,0.000336750
907.599975590,0.333515538,0.000381175
907.700012210,0.333741113,0.000351910
907.799987790,0.333915810,0.000390417
907.900024410,0.333998155,0.000339656
908.000000000,0.334279030,0.000496137
908.099975590,0.334382894,0.000295106
908.200012210,0.334593089,0.000393484
908.299987790,0.334793534,0.000300509
908.400024410,0.334961712,0.000305664
908.500000000,0.335163464,0.000283481
908.599975590,0.335329154,0.000346356
908.700012210,0.335528718,0.000338220
908.799987790,0.335712544,0.000302473
908.900024410,0.335909679,0.000305686
909.000000000,0.336110036,0.000252965
909.099975590,0.336276838,0.000265168
909.200012210,0.336490815,0.000272113
909.299987790,0.336666395,0.000287464
909.400024410,0.336866164,0.000153884
909.500000000,0.337065439,0.000238362
909.599975590,0.337281370,0.000248741
909.700012210,0.337477464,0.000218834
909.799987790,0.337678463,0.000211239
909.900024410,0.337874861,0.000146965
910.000000000,0.338116189,0.000194751
910.099975590,0.338267022,0.000226545
910.200012210,0.338535316,0.000110317
910.299987790,0.338769164,0.000139971
910.400024410,0.339015164,0.000324995
910.500000000,0.339080490,-0.000050228
910.599975590,0.339361411,0.000072876
910.700012210,0.339608303,0.000171430
910.799987790,0.339850248,0.000127924
910.900024410,0.340064052,0.000081348
911.000000000,0.340247353,0.000085659
911.099975590,0.340577482,0.000220794
911.200012210,0.340643538,-0.000056238
911.299987790,0.340981822,0.000082240
911.400024410,0.341146298,0.000060831
911.500000000,0.341411259,-0.000013759
911.599975590,0.341586842,0.000044719
911.700012210,0.341847909,0.000005650
911.799987790,0.342078685,0.000055981
911.900024410,0.342277536,-0.000036816
912.000000000,0.342508170,-0.000023177
912.099975590,0.342720843,0.000068199
912.200012210,0.342954212,-0.000073258
912.299987790,0.343167487,0.000005396
912.400024410,0.343333622,0.000006637
912.500000000,0.343539206,-0.000068784
